temperature in Â°C,description,date
17,Sunny,2021-07-20T02:21:21.849Z
17,Sunny,2021-07-20T01:52:13.367Z
15,Sunny,2021-07-19T23:56:25.085Z
15,Clear,2021-07-19T22:56:04.629Z
15,Clear,2021-07-19T21:56:09.016Z
15,Clear,2021-07-19T20:57:12.443Z
18,Clear,2021-07-19T19:56:08.642Z
18,Clear,2021-07-19T18:58:26.913Z
21,Clear,2021-07-19T17:56:09.528Z
21,Clear,2021-07-19T17:15:34.296Z
24,Partly cloudy,2021-07-19T16:00:36.700Z
24,Partly cloudy,2021-07-19T15:00:36.883Z
25,Partly cloudy,2021-07-19T13:57:30.080Z
25,Partly cloudy,2021-07-19T13:14:29.853Z
25,Partly cloudy,2021-07-19T11:56:18.440Z
24,Partly cloudy,2021-07-19T10:56:11.980Z
24,Partly cloudy,2021-07-19T09:56:10.471Z
24,Partly cloudy,2021-07-19T09:00:35.281Z
24,Partly cloudy,2021-07-19T07:56:23.042Z
24,Partly cloudy,2021-07-19T06:58:37.106Z
22,Partly cloudy,2021-07-19T05:56:08.333Z
22,Partly cloudy,2021-07-19T04:59:33.801Z
16,Sunny,2021-07-19T03:56:15.141Z
16,Sunny,2021-07-19T02:56:05.060Z
16,Sunny,2021-07-19T02:17:44.535Z
12,Clear,2021-07-18T22:56:22.072Z
12,Clear,2021-07-18T21:56:14.487Z
13,Clear,2021-07-18T20:56:09.896Z
13,Clear,2021-07-18T19:56:06.287Z
18,Clear,2021-07-18T18:56:01.253Z
18,Clear,2021-07-18T17:56:10.963Z
18,Clear,2021-07-18T17:07:39.295Z
20,Partly cloudy,2021-07-18T15:55:57.152Z
20,Partly cloudy,2021-07-18T14:56:08.223Z
22,Partly cloudy,2021-07-18T13:56:31.125Z
22,Partly cloudy,2021-07-18T13:05:52.805Z
22,Partly cloudy,2021-07-18T11:55:57.844Z
22,Partly cloudy,2021-07-18T10:56:08.139Z
22,Partly cloudy,2021-07-18T09:56:10.627Z
22,Partly cloudy,2021-07-18T08:56:11.403Z
22,Partly cloudy,2021-07-18T07:56:03.164Z
22,Partly cloudy,2021-07-18T06:57:27.804Z
22,Partly cloudy,2021-07-18T05:56:13.180Z
19,Sunny,2021-07-18T04:58:12.409Z
19,Sunny,2021-07-18T03:56:09.187Z
19,Sunny,2021-07-18T02:56:05.029Z
15,Sunny,2021-07-18T02:15:32.482Z
15,Sunny,2021-07-18T01:46:15.472Z
15,Partly cloudy,2021-07-17T21:56:12.062Z
15,Partly cloudy,2021-07-17T20:55:59.154Z
15,Partly cloudy,2021-07-17T19:56:14.895Z
17,Partly cloudy,2021-07-17T18:55:53.405Z
17,Partly cloudy,2021-07-17T17:56:06.326Z
19,Partly cloudy,2021-07-17T17:08:45.647Z
19,Partly cloudy,2021-07-17T15:56:03.771Z
22,Partly cloudy,2021-07-17T14:56:08.841Z
23,Partly cloudy,2021-07-17T13:55:54.002Z
23,Partly cloudy,2021-07-17T13:06:23.694Z
24,Partly cloudy,2021-07-17T11:56:01.898Z
24,Partly cloudy,2021-07-17T10:56:03.853Z
23,Partly cloudy,2021-07-17T09:56:09.776Z
23,Partly cloudy,2021-07-17T08:56:15.522Z
21,Partly cloudy,2021-07-17T07:56:19.080Z
21,Partly cloudy,2021-07-17T05:56:08.142Z
18,Sunny,2021-07-17T04:58:24.060Z
18,Sunny,2021-07-17T03:56:00.390Z
14,Partly cloudy,2021-07-17T02:56:00.337Z
14,Partly cloudy,2021-07-17T02:16:19.642Z
14,Partly cloudy,2021-07-17T01:42:49.767Z
13,Partly cloudy,2021-07-16T23:56:07.052Z
13,Partly cloudy,2021-07-16T22:56:07.972Z
13,Partly cloudy,2021-07-16T21:56:03.261Z
13,Partly cloudy,2021-07-16T20:56:08.109Z
13,Partly cloudy,2021-07-16T19:56:07.984Z
13,Partly cloudy,2021-07-16T18:56:19.696Z
13,Partly cloudy,2021-07-16T17:56:17.208Z
13,Partly cloudy,2021-07-16T17:11:42.236Z
13,Partly cloudy,2021-07-16T15:56:10.634Z
14,Light rain shower,2021-07-16T14:56:19.133Z
14,Light rain shower,2021-07-16T14:00:34.213Z
14,Light rain shower,2021-07-16T13:08:51.318Z
14,Light rain shower,2021-07-16T11:56:21.088Z
14,Partly cloudy,2021-07-16T10:55:57.328Z
14,Partly cloudy,2021-07-16T09:56:00.651Z
14,Partly cloudy,2021-07-16T08:56:10.783Z
13,Partly cloudy,2021-07-16T07:56:02.584Z
13,Partly cloudy,2021-07-16T06:58:18.821Z
13,Partly cloudy,2021-07-16T05:56:01.836Z
13,Partly cloudy,2021-07-16T04:58:46.566Z
9,Partly cloudy,2021-07-16T03:56:05.515Z
9,Partly cloudy,2021-07-16T02:56:05.870Z
9,Partly cloudy,2021-07-16T02:17:47.625Z
9,Partly cloudy,2021-07-16T01:47:54.848Z
8,Partly cloudy,2021-07-15T23:56:04.577Z
7,Partly cloudy,2021-07-15T22:56:08.208Z
7,Partly cloudy,2021-07-15T21:56:01.225Z
11,Partly cloudy,2021-07-15T20:56:19.658Z
11,Partly cloudy,2021-07-15T19:56:23.669Z
11,Partly cloudy,2021-07-15T18:56:05.110Z
12,Partly cloudy,2021-07-15T17:56:08.309Z
12,Partly cloudy,2021-07-15T17:09:58.415Z
13,Partly cloudy,2021-07-15T16:00:33.797Z
13,Partly cloudy,2021-07-15T14:56:09.568Z
13,Partly cloudy,2021-07-15T13:56:08.768Z
13,Partly cloudy,2021-07-15T13:13:33.566Z
13,Partly cloudy,2021-07-15T11:56:03.211Z
11,Partly cloudy,2021-07-15T10:56:06.381Z
11,Partly cloudy,2021-07-15T09:57:22.102Z
10,Light rain shower,2021-07-15T09:00:30.496Z
10,Light rain shower,2021-07-15T07:56:12.893Z
10,Partly cloudy,2021-07-15T06:57:04.431Z
10,Partly cloudy,2021-07-15T05:56:16.252Z
10,Partly cloudy,2021-07-15T04:58:45.678Z
9,"Light rain shower, mist",2021-07-15T03:56:07.776Z
9,"Light rain shower, mist",2021-07-15T02:56:02.514Z
9,Light rain shower,2021-07-15T02:16:30.831Z
9,Light rain shower,2021-07-15T01:46:42.207Z
10,Light rain shower,2021-07-14T23:56:14.598Z
10,Light rain shower,2021-07-14T22:56:09.252Z
10,Light rain shower,2021-07-14T21:56:19.902Z
10,Light rain shower,2021-07-14T20:56:23.309Z
10,Light rain shower,2021-07-14T19:56:02.297Z
11,"Light rain shower, mist",2021-07-14T18:57:03.433Z
11,"Light rain shower, mist",2021-07-14T17:58:42.392Z
11,"Light rain shower, mist",2021-07-14T17:14:35.635Z
12,"Light rain shower, mist",2021-07-14T16:01:37.464Z
12,"Light rain shower, mist",2021-07-14T14:56:09.611Z
12,Partly cloudy,2021-07-14T13:56:05.196Z
13,Partly cloudy,2021-07-14T11:56:09.775Z
13,Partly cloudy,2021-07-14T10:56:05.149Z
13,Partly cloudy,2021-07-14T09:56:10.909Z
13,Partly cloudy,2021-07-14T08:56:01.373Z
13,Partly cloudy,2021-07-14T07:56:14.301Z
13,Light rain shower,2021-07-14T06:57:58.707Z
13,Light rain shower,2021-07-14T05:55:58.731Z
13,Partly cloudy,2021-07-14T04:58:28.687Z
13,Partly cloudy,2021-07-14T03:56:03.671Z
12,Partly cloudy,2021-07-14T02:56:07.325Z
12,Partly cloudy,2021-07-14T02:14:15.521Z
12,Partly cloudy,2021-07-14T01:42:19.513Z
12,Partly cloudy,2021-07-13T23:55:53.416Z
12,Partly cloudy,2021-07-13T22:56:13.463Z
12,Light rain shower,2021-07-13T21:56:02.730Z
12,Light rain shower,2021-07-13T20:56:17.505Z
14,Light rain shower,2021-07-13T19:56:00.443Z
14,Light rain shower,2021-07-13T18:55:59.171Z
14,Light rain shower,2021-07-13T17:56:06.408Z
15,Light rain shower,2021-07-13T17:11:32.051Z
15,Light rain shower,2021-07-13T15:58:01.235Z
16,Partly cloudy,2021-07-13T14:56:09.748Z
17,Partly cloudy,2021-07-13T13:56:12.365Z
17,Partly cloudy,2021-07-13T13:15:34.378Z
20,Partly cloudy,2021-07-13T11:56:05.725Z
20,Partly cloudy,2021-07-13T10:56:05.565Z
20,Partly cloudy,2021-07-13T10:00:35.547Z
20,Partly cloudy,2021-07-13T08:56:00.647Z
20,Partly cloudy,2021-07-13T07:56:06.482Z
20,Partly cloudy,2021-07-13T06:58:11.581Z
19,Partly cloudy,2021-07-13T05:56:18.433Z
19,Partly cloudy,2021-07-13T04:58:20.459Z
19,Partly cloudy,2021-07-13T03:55:56.773Z
17,Partly cloudy,2021-07-13T02:56:06.967Z
17,Partly cloudy,2021-07-13T02:16:35.568Z
17,Partly cloudy,2021-07-13T01:46:57.879Z
16,Partly cloudy,2021-07-12T23:56:01.456Z
17,Partly cloudy,2021-07-12T22:56:22.884Z
17,Partly cloudy,2021-07-12T21:56:19.006Z
17,Partly cloudy,2021-07-12T20:56:15.346Z
19,Light rain shower,2021-07-12T19:56:11.789Z
19,Light rain shower,2021-07-12T18:58:39.769Z
19,Partly cloudy,2021-07-12T17:56:06.946Z
19,Partly cloudy,2021-07-12T17:16:26.944Z
23,Partly cloudy,2021-07-12T16:00:26.072Z
23,Partly cloudy,2021-07-12T15:00:56.598Z
23,Partly cloudy,2021-07-12T14:00:34.002Z
29,Partly cloudy,2021-07-12T08:56:15.497Z
29,Partly cloudy,2021-07-12T07:56:22.065Z
29,Partly cloudy,2021-07-12T06:58:45.322Z
29,Sunny,2021-07-12T05:56:10.001Z
29,Sunny,2021-07-12T04:58:50.018Z
21,Sunny,2021-07-12T03:56:05.141Z
21,Sunny,2021-07-12T02:56:13.823Z
21,Sunny,2021-07-12T02:14:25.483Z
16,Sunny,2021-07-12T01:44:07.834Z
16,Sunny,2021-07-11T23:56:17.436Z
18,Clear,2021-07-11T22:56:03.377Z
18,Clear,2021-07-11T21:56:03.809Z
21,Clear,2021-07-11T20:56:18.986Z
21,Clear,2021-07-11T19:56:17.228Z
24,Clear,2021-07-11T18:56:00.141Z
24,Clear,2021-07-11T17:56:12.918Z
24,Clear,2021-07-11T17:07:27.420Z
28,Sunny,2021-07-11T14:56:27.287Z
29,Partly cloudy,2021-07-11T13:55:54.151Z
29,Partly cloudy,2021-07-11T13:05:24.487Z
29,Partly cloudy,2021-07-11T11:56:09.161Z
29,Partly cloudy,2021-07-11T10:56:15.701Z
29,Partly cloudy,2021-07-11T09:55:59.515Z
28,Partly cloudy,2021-07-11T08:56:01.732Z
28,Partly cloudy,2021-07-11T07:56:28.195Z
28,Partly cloudy,2021-07-11T06:57:18.551Z
28,Partly cloudy,2021-07-11T05:56:15.330Z
23,Partly cloudy,2021-07-11T04:58:08.377Z
23,Partly cloudy,2021-07-11T03:56:12.124Z
23,Partly cloudy,2021-07-11T02:56:07.813Z
20,Partly cloudy,2021-07-11T02:16:58.268Z
20,Partly cloudy,2021-07-11T01:48:41.247Z
17,Sunny,2021-07-10T23:56:16.984Z
17,Sunny,2021-07-10T22:56:06.643Z
19,Clear,2021-07-10T21:56:15.125Z
19,Clear,2021-07-10T20:56:04.223Z
19,Clear,2021-07-10T19:55:57.255Z
22,Clear,2021-07-10T18:56:01.140Z
22,Clear,2021-07-10T17:56:04.951Z
25,Partly cloudy,2021-07-10T17:07:18.968Z
25,Partly cloudy,2021-07-10T15:55:54.933Z
26,Partly cloudy,2021-07-10T14:56:15.382Z
28,Partly cloudy,2021-07-10T13:56:08.664Z
28,Partly cloudy,2021-07-10T13:05:31.969Z
27,Partly cloudy,2021-07-10T11:56:04.580Z
27,Partly cloudy,2021-07-10T10:56:06.708Z
28,Partly cloudy,2021-07-10T09:55:59.968Z
28,Partly cloudy,2021-07-10T08:56:01.064Z
27,Partly cloudy,2021-07-10T07:56:17.883Z
27,Partly cloudy,2021-07-10T06:57:00.489Z
,,2021-07-10T05:56:01.986Z
,,2021-07-10T04:58:15.921Z
23,Sunny,2021-07-10T03:56:13.268Z
19,Sunny,2021-07-10T02:56:00.088Z
19,Sunny,2021-07-10T02:15:32.723Z
19,Sunny,2021-07-10T01:41:44.967Z
17,Sunny,2021-07-09T23:56:03.253Z
17,Sunny,2021-07-09T22:56:07.928Z
18,Clear,2021-07-09T21:56:10.629Z
18,Clear,2021-07-09T20:55:58.108Z
19,Clear,2021-07-09T19:56:13.631Z
19,Clear,2021-07-09T18:57:46.161Z
24,Partly cloudy,2021-07-09T17:56:09.854Z
24,Partly cloudy,2021-07-09T17:10:39.516Z
24,Partly cloudy,2021-07-09T15:57:28.868Z
25,Partly cloudy,2021-07-09T14:56:18.829Z
26,Partly cloudy,2021-07-09T13:56:34.971Z
28,Partly cloudy,2021-07-09T13:08:47.267Z
28,Partly cloudy,2021-07-09T11:56:12.228Z
28,Partly cloudy,2021-07-09T10:56:06.645Z
28,Partly cloudy,2021-07-09T09:55:59.098Z
28,Partly cloudy,2021-07-09T08:56:05.641Z
26,Sunny,2021-07-09T07:56:09.911Z
26,Sunny,2021-07-09T06:57:56.622Z
25,Sunny,2021-07-09T05:56:01.567Z
25,Sunny,2021-07-09T04:58:39.292Z
18,Sunny,2021-07-09T03:55:56.891Z
18,Sunny,2021-07-09T02:55:56.526Z
18,Sunny,2021-07-09T02:16:58.304Z
18,Sunny,2021-07-09T01:46:53.353Z
14,Sunny,2021-07-08T23:56:19.616Z
14,Clear,2021-07-08T22:56:07.856Z
14,Clear,2021-07-08T21:56:01.296Z
18,Clear,2021-07-08T20:56:05.859Z
18,Clear,2021-07-08T19:56:17.827Z
18,Clear,2021-07-08T18:56:15.634Z
21,Clear,2021-07-08T17:55:59.698Z
21,Clear,2021-07-08T17:18:53.416Z
26,Sunny,2021-07-08T16:07:37.707Z
26,Sunny,2021-07-08T15:00:28.849Z
26,Sunny,2021-07-08T13:57:00.662Z
26,Sunny,2021-07-08T13:15:31.329Z
26,Sunny,2021-07-08T11:56:05.481Z
26,Sunny,2021-07-08T10:56:06.106Z
26,Sunny,2021-07-08T10:00:29.756Z
25,Partly cloudy,2021-07-08T09:00:37.908Z
25,Partly cloudy,2021-07-08T07:56:11.528Z
23,Sunny,2021-07-08T06:57:44.744Z
23,Sunny,2021-07-08T05:56:04.938Z
23,Sunny,2021-07-08T04:58:23.199Z
20,Sunny,2021-07-08T03:56:03.229Z
20,Sunny,2021-07-08T02:55:58.442Z
15,Sunny,2021-07-08T02:16:37.429Z
15,Sunny,2021-07-08T01:46:24.284Z
11,Clear,2021-07-07T23:56:19.594Z
11,Clear,2021-07-07T22:56:07.693Z
11,Clear,2021-07-07T21:56:00.541Z
12,Clear,2021-07-07T20:56:01.377Z
12,Clear,2021-07-07T19:56:18.362Z
15,Clear,2021-07-07T18:56:37.280Z
15,Clear,2021-07-07T17:56:16.634Z
15,Clear,2021-07-07T17:21:47.151Z
21,Sunny,2021-07-07T16:09:48.105Z
21,Sunny,2021-07-07T14:58:10.198Z
22,Partly cloudy,2021-07-07T13:56:00.307Z
22,Partly cloudy,2021-07-07T13:09:32.559Z
22,Partly cloudy,2021-07-07T11:55:56.501Z
22,Partly cloudy,2021-07-07T10:56:04.458Z
22,Partly cloudy,2021-07-07T10:00:35.842Z
21,Partly cloudy,2021-07-07T08:56:49.470Z
21,Partly cloudy,2021-07-07T07:56:24.034Z
20,Partly cloudy,2021-07-07T06:58:02.363Z
20,Partly cloudy,2021-07-07T05:56:06.533Z
18,Sunny,2021-07-07T04:58:21.975Z
18,Sunny,2021-07-07T03:55:59.272Z
15,Sunny,2021-07-07T02:55:54.575Z
15,Sunny,2021-07-07T02:15:52.937Z
15,Sunny,2021-07-07T01:45:40.943Z
13,Sunny,2021-07-06T23:56:02.853Z
13,Sunny,2021-07-06T22:55:58.933Z
14,Clear,2021-07-06T21:56:00.297Z
14,Clear,2021-07-06T20:56:21.857Z
17,Clear,2021-07-06T19:56:09.707Z
17,Clear,2021-07-06T18:56:04.187Z
17,Clear,2021-07-06T17:56:04.027Z
19,Partly cloudy,2021-07-06T17:13:37.314Z
19,Partly cloudy,2021-07-06T15:56:17.183Z
19,Partly cloudy,2021-07-06T14:56:29.330Z
19,Partly cloudy,2021-07-06T13:56:00.756Z
19,Partly cloudy,2021-07-06T13:12:33.430Z
19,Partly cloudy,2021-07-06T11:56:18.933Z
19,Partly cloudy,2021-07-06T10:56:06.707Z
16,Partly cloudy,2021-07-06T09:59:25.871Z
16,Partly cloudy,2021-07-06T08:56:15.332Z
15,Partly cloudy,2021-07-06T07:56:11.451Z
15,Partly cloudy,2021-07-06T06:58:15.691Z
13,Light rain shower,2021-07-06T05:55:59.427Z
13,Light rain shower,2021-07-06T04:58:01.792Z
13,Light rain shower,2021-07-06T03:56:05.734Z
14,Light rain shower,2021-07-06T02:56:03.646Z
14,Light rain shower,2021-07-06T02:15:53.868Z
14,Light rain shower,2021-07-06T01:47:04.465Z
15,Light rain shower,2021-07-05T23:56:08.847Z
19,Partly cloudy,2021-07-05T22:55:56.894Z
19,Partly cloudy,2021-07-05T21:56:00.698Z
19,Partly cloudy,2021-07-05T20:56:02.805Z
21,Partly cloudy,2021-07-05T19:56:12.372Z
21,Partly cloudy,2021-07-05T18:55:58.366Z
24,Partly cloudy,2021-07-05T17:56:01.935Z
24,Partly cloudy,2021-07-05T17:09:07.603Z
30,Partly cloudy,2021-07-05T15:55:59.811Z
30,Partly cloudy,2021-07-05T14:56:05.724Z
30,Partly cloudy,2021-07-05T14:00:29.406Z
32,Partly cloudy,2021-07-05T13:12:37.372Z
32,Partly cloudy,2021-07-05T11:56:13.855Z
32,Partly cloudy,2021-07-05T10:56:06.986Z
32,Partly cloudy,2021-07-05T09:59:52.371Z
30,Sunny,2021-07-05T08:56:42.538Z
30,Sunny,2021-07-05T07:56:12.309Z
30,Sunny,2021-07-05T06:58:34.344Z
28,Sunny,2021-07-05T05:56:08.300Z
28,Sunny,2021-07-05T04:58:15.664Z
23,Sunny,2021-07-05T03:56:08.248Z
23,Sunny,2021-07-05T02:55:58.915Z
23,Sunny,2021-07-05T02:14:13.942Z
23,Sunny,2021-07-05T01:43:53.258Z
23,Sunny,2021-07-04T23:56:00.682Z
22,Clear,2021-07-04T22:56:05.312Z
22,Clear,2021-07-04T21:56:11.670Z
24,Partly cloudy,2021-07-04T20:56:04.103Z
24,Partly cloudy,2021-07-04T19:55:58.514Z
31,Partly cloudy,2021-07-04T18:55:58.750Z
31,Partly cloudy,2021-07-04T17:56:07.734Z
31,Partly cloudy,2021-07-04T17:07:06.995Z
33,Partly cloudy,2021-07-04T15:55:57.250Z
33,Partly cloudy,2021-07-04T14:56:24.917Z
36,Partly cloudy,2021-07-04T13:56:09.465Z
36,Partly cloudy,2021-07-04T13:05:37.079Z
35,Partly cloudy,2021-07-04T11:56:16.997Z
35,Partly cloudy,2021-07-04T10:56:04.024Z
35,Partly cloudy,2021-07-04T09:56:18.517Z
35,Sunny,2021-07-04T08:56:01.910Z
35,Sunny,2021-07-04T07:56:01.577Z
33,Partly cloudy,2021-07-04T06:57:15.352Z
33,Partly cloudy,2021-07-04T05:56:23.907Z
25,Partly cloudy,2021-07-04T04:58:01.308Z
25,Partly cloudy,2021-07-04T03:55:55.261Z
25,Partly cloudy,2021-07-04T02:55:56.509Z
23,Partly cloudy,2021-07-04T02:13:45.298Z
23,Partly cloudy,2021-07-04T01:43:52.416Z
22,Sunny,2021-07-03T23:56:10.093Z
22,Sunny,2021-07-03T22:56:04.163Z
26,Clear,2021-07-03T21:56:06.115Z
26,Clear,2021-07-03T20:55:57.164Z
26,Clear,2021-07-03T19:56:15.270Z
28,Clear,2021-07-03T18:55:58.463Z
28,Clear,2021-07-03T17:55:59.498Z
30,Sunny,2021-07-03T17:07:20.452Z
30,Sunny,2021-07-03T15:56:01.478Z
32,Sunny,2021-07-03T14:56:14.129Z
34,Partly cloudy,2021-07-03T13:56:10.363Z
34,Partly cloudy,2021-07-03T13:05:20.987Z
35,Partly cloudy,2021-07-03T11:56:14.993Z
35,Partly cloudy,2021-07-03T10:56:15.921Z
35,Partly cloudy,2021-07-03T09:56:07.722Z
32,Partly cloudy,2021-07-03T07:56:12.216Z
32,Partly cloudy,2021-07-03T06:57:07.890Z
32,Partly cloudy,2021-07-03T05:55:55.515Z
29,Partly cloudy,2021-07-03T04:57:43.204Z
29,Partly cloudy,2021-07-03T03:55:55.347Z
26,Partly cloudy,2021-07-03T02:55:59.168Z
26,Partly cloudy,2021-07-03T02:11:54.358Z
24,Partly cloudy,2021-07-02T23:56:02.683Z
24,Partly cloudy,2021-07-02T22:55:55.336Z
25,Partly cloudy,2021-07-02T21:56:19.967Z
28,Partly cloudy,2021-07-02T19:56:20.369Z
28,Partly cloudy,2021-07-02T18:57:33.950Z
29,Clear,2021-07-02T17:56:02.883Z
29,Clear,2021-07-02T17:11:08.905Z
35,Partly cloudy,2021-07-02T14:56:22.190Z
35,Partly cloudy,2021-07-02T13:10:21.808Z
35,Partly cloudy,2021-07-02T11:56:18.250Z
35,Sunny,2021-07-02T10:56:12.158Z
35,Sunny,2021-07-02T09:56:08.408Z
35,Sunny,2021-07-02T08:55:59.633Z
32,Sunny,2021-07-02T07:56:06.265Z
32,Sunny,2021-07-02T06:58:25.255Z
29,Sunny,2021-07-02T05:56:06.408Z
29,Sunny,2021-07-02T04:58:22.815Z
24,Sunny,2021-07-02T03:56:01.928Z
24,Sunny,2021-07-02T02:56:23.382Z
24,Sunny,2021-07-02T02:16:14.053Z
24,Sunny,2021-07-02T01:46:48.023Z
22,Sunny,2021-07-01T23:56:09.103Z
23,Clear,2021-07-01T22:56:24.216Z
23,Clear,2021-07-01T21:56:07.556Z
25,Partly cloudy,2021-07-01T20:56:01.706Z
25,Partly cloudy,2021-07-01T19:56:06.000Z
25,Partly cloudy,2021-07-01T18:58:26.625Z
27,Partly cloudy,2021-07-01T17:56:15.254Z
27,Partly cloudy,2021-07-01T17:11:23.487Z
30,Partly cloudy,2021-07-01T16:01:33.551Z
30,Partly cloudy,2021-07-01T15:00:25.382Z
30,Partly cloudy,2021-07-01T14:01:01.006Z
32,Partly cloudy,2021-07-01T13:13:37.964Z
32,Partly cloudy,2021-07-01T11:56:43.652Z
31,Sunny,2021-07-01T10:56:13.727Z
31,Sunny,2021-07-01T10:00:33.517Z
29,Partly cloudy,2021-07-01T09:00:35.216Z
29,Partly cloudy,2021-07-01T07:56:05.453Z
29,Partly cloudy,2021-07-01T07:00:22.457Z
27,Partly cloudy,2021-07-01T05:56:11.324Z
27,Partly cloudy,2021-07-01T04:58:47.808Z
23,Partly cloudy,2021-07-01T03:55:56.588Z
23,Partly cloudy,2021-07-01T02:56:06.242Z
23,Partly cloudy,2021-07-01T02:17:45.259Z
23,Partly cloudy,2021-07-01T01:48:12.424Z
22,Clear,2021-06-30T23:56:21.281Z
22,Clear,2021-06-30T22:56:02.525Z
22,Clear,2021-06-30T21:56:01.605Z
23,Clear,2021-06-30T20:56:01.014Z
23,Clear,2021-06-30T19:56:25.098Z
27,Clear,2021-06-30T18:57:03.032Z
27,Clear,2021-06-30T17:59:17.691Z
27,Clear,2021-06-30T17:16:56.056Z
30,Partly cloudy,2021-06-30T16:01:31.825Z
30,Partly cloudy,2021-06-30T15:00:29.870Z
32,Partly cloudy,2021-06-30T13:56:22.600Z
32,Partly cloudy,2021-06-30T13:14:41.260Z
33,Partly cloudy,2021-06-30T11:56:07.854Z
33,Partly cloudy,2021-06-30T10:56:31.594Z
31,Sunny,2021-06-30T10:00:34.543Z
31,Sunny,2021-06-30T09:00:36.616Z
31,Sunny,2021-06-30T07:56:18.805Z
25,Partly cloudy,2021-06-30T06:59:29.615Z
25,Partly cloudy,2021-06-30T05:56:09.314Z
24,Partly cloudy,2021-06-30T04:58:56.291Z
24,Partly cloudy,2021-06-30T03:56:03.249Z
19,Partly cloudy,2021-06-30T01:49:29.081Z
17,Sunny,2021-06-29T23:56:12.334Z
18,Clear,2021-06-29T21:56:04.226Z
18,Clear,2021-06-29T20:56:18.074Z
20,Clear,2021-06-29T19:56:04.520Z
20,Clear,2021-06-29T18:56:42.561Z
20,Clear,2021-06-29T17:56:03.332Z
25,Clear,2021-06-29T17:11:08.264Z
25,Clear,2021-06-29T16:00:32.092Z
26,Sunny,2021-06-29T14:56:07.428Z
28,Sunny,2021-06-29T13:56:37.735Z
28,Sunny,2021-06-29T13:14:01.154Z
28,Sunny,2021-06-29T11:56:22.140Z
28,Sunny,2021-06-29T10:56:09.882Z
28,Sunny,2021-06-29T10:00:28.876Z
28,Sunny,2021-06-29T09:00:34.336Z
26,Sunny,2021-06-29T07:56:09.328Z
26,Sunny,2021-06-29T06:59:31.331Z
23,Sunny,2021-06-29T05:56:16.625Z
23,Sunny,2021-06-29T04:58:41.059Z
23,Sunny,2021-06-29T03:56:08.729Z
18,Sunny,2021-06-29T02:56:16.310Z
18,Sunny,2021-06-29T02:17:26.395Z
18,Sunny,2021-06-29T01:43:12.552Z
13,Sunny,2021-06-28T23:56:11.875Z
14,Clear,2021-06-28T22:56:10.917Z
14,Clear,2021-06-28T21:56:20.432Z
14,Clear,2021-06-28T20:56:09.619Z
15,Clear,2021-06-28T19:56:00.553Z
15,Clear,2021-06-28T19:02:17.355Z
22,Partly cloudy,2021-06-28T18:19:29.029Z
22,Partly cloudy,2021-06-28T17:37:37.364Z
24,Partly cloudy,2021-06-28T16:01:31.319Z
24,Partly cloudy,2021-06-28T15:00:30.195Z
24,Partly cloudy,2021-06-28T14:00:25.921Z
25,Sunny,2021-06-28T13:14:34.523Z
25,Sunny,2021-06-28T11:56:17.869Z
25,Sunny,2021-06-28T10:56:06.202Z
25,Sunny,2021-06-28T10:00:30.140Z
21,Partly cloudy,2021-06-28T08:59:28.691Z
21,Partly cloudy,2021-06-28T07:56:05.221Z
21,Partly cloudy,2021-06-28T06:59:39.689Z
22,Partly cloudy,2021-06-28T05:56:05.537Z
22,Partly cloudy,2021-06-28T04:59:10.203Z
19,Partly cloudy,2021-06-28T03:55:56.435Z
19,Partly cloudy,2021-06-28T02:55:58.650Z
19,Partly cloudy,2021-06-28T02:19:13.120Z
17,Sunny,2021-06-28T01:46:01.774Z
17,Sunny,2021-06-27T23:56:07.496Z
16,Clear,2021-06-27T22:56:20.489Z
16,Clear,2021-06-27T21:56:01.366Z
17,Partly cloudy,2021-06-27T20:56:08.450Z
17,Partly cloudy,2021-06-27T19:56:06.732Z
22,Partly cloudy,2021-06-27T18:55:55.985Z
22,Partly cloudy,2021-06-27T17:55:59.595Z
22,Partly cloudy,2021-06-27T17:08:20.641Z
26,Partly cloudy,2021-06-27T15:56:27.132Z
26,Partly cloudy,2021-06-27T14:55:58.144Z
27,Partly cloudy,2021-06-27T13:56:07.785Z
27,Partly cloudy,2021-06-27T13:08:03.459Z
26,Partly cloudy,2021-06-27T11:56:19.672Z
26,Partly cloudy,2021-06-27T10:55:58.705Z
26,Partly cloudy,2021-06-27T09:56:01.380Z
27,Sunny,2021-06-27T08:56:05.054Z
27,Sunny,2021-06-27T07:55:59.286Z
25,Sunny,2021-06-27T06:58:47.902Z
25,Sunny,2021-06-27T05:56:16.066Z
20,Sunny,2021-06-27T04:58:25.219Z
20,Sunny,2021-06-27T03:55:55.950Z
20,Sunny,2021-06-27T02:55:59.448Z
18,Sunny,2021-06-27T02:21:27.337Z
18,Sunny,2021-06-27T01:51:23.573Z
12,Sunny,2021-06-26T23:56:19.714Z
12,Sunny,2021-06-26T22:55:56.562Z
14,Clear,2021-06-26T21:56:03.474Z
14,Clear,2021-06-26T20:56:06.528Z
14,Clear,2021-06-26T19:56:09.169Z
18,Clear,2021-06-26T18:55:57.697Z
18,Clear,2021-06-26T17:56:15.536Z
20,Clear,2021-06-26T17:08:20.284Z
20,Clear,2021-06-26T15:56:18.895Z
23,Sunny,2021-06-26T14:56:25.987Z
23,Partly cloudy,2021-06-26T13:56:00.350Z
23,Partly cloudy,2021-06-26T13:07:36.837Z
23,Partly cloudy,2021-06-26T11:55:59.737Z
23,Partly cloudy,2021-06-26T10:56:05.049Z
22,Partly cloudy,2021-06-26T09:56:16.596Z
19,Partly cloudy,2021-06-26T07:55:55.838Z
19,Partly cloudy,2021-06-26T06:58:30.693Z
19,Partly cloudy,2021-06-26T05:56:12.808Z
17,Partly cloudy,2021-06-26T04:58:35.089Z
17,Partly cloudy,2021-06-26T03:55:55.379Z
14,Partly cloudy,2021-06-26T02:55:53.934Z
14,Partly cloudy,2021-06-26T02:15:36.616Z
14,Partly cloudy,2021-06-26T01:40:54.137Z
11,Partly cloudy,2021-06-25T23:56:07.918Z
11,Partly cloudy,2021-06-25T22:56:12.141Z
11,Partly cloudy,2021-06-25T21:56:18.515Z
11,Partly cloudy,2021-06-25T20:56:09.801Z
13,Partly cloudy,2021-06-25T19:56:24.888Z
13,Partly cloudy,2021-06-25T18:56:44.623Z
15,Partly cloudy,2021-06-25T17:56:03.052Z
15,Partly cloudy,2021-06-25T17:15:26.650Z
15,Partly cloudy,2021-06-25T15:57:15.853Z
16,Partly cloudy,2021-06-25T14:56:22.184Z
17,Partly cloudy,2021-06-25T13:56:29.437Z
18,Partly cloudy,2021-06-25T13:10:07.550Z
18,Partly cloudy,2021-06-25T11:56:00.618Z
16,Partly cloudy,2021-06-25T10:56:02.017Z
16,Partly cloudy,2021-06-25T09:56:12.414Z
16,Partly cloudy,2021-06-25T08:55:59.107Z
15,Partly cloudy,2021-06-25T07:55:59.182Z
15,Partly cloudy,2021-06-25T06:58:28.125Z
12,Light rain shower,2021-06-25T05:56:03.060Z
12,Light rain shower,2021-06-25T04:58:45.762Z
11,Partly cloudy,2021-06-25T03:56:08.319Z
11,Partly cloudy,2021-06-25T02:56:00.235Z
11,Partly cloudy,2021-06-25T02:20:38.249Z
11,Partly cloudy,2021-06-25T01:49:14.124Z
11,Partly cloudy,2021-06-24T23:56:18.587Z
11,Partly cloudy,2021-06-24T22:55:59.363Z
11,Partly cloudy,2021-06-24T21:55:57.840Z
13,Partly cloudy,2021-06-24T20:56:02.687Z
13,Partly cloudy,2021-06-24T19:55:59.145Z
13,Partly cloudy,2021-06-24T18:56:43.701Z
15,Partly cloudy,2021-06-24T17:56:06.763Z
15,Partly cloudy,2021-06-24T17:09:44.193Z
16,Partly cloudy,2021-06-24T15:57:28.585Z
16,Partly cloudy,2021-06-24T15:00:34.497Z
18,Partly cloudy,2021-06-24T13:56:14.734Z
18,Partly cloudy,2021-06-24T13:15:07.542Z
18,Partly cloudy,2021-06-24T11:56:26.104Z
18,Partly cloudy,2021-06-24T10:56:06.489Z
18,Partly cloudy,2021-06-24T10:00:34.726Z
18,Partly cloudy,2021-06-24T08:58:30.304Z
18,Partly cloudy,2021-06-24T07:59:58.880Z
16,Partly cloudy,2021-06-24T06:59:11.979Z
16,Partly cloudy,2021-06-24T05:55:58.325Z
16,Partly cloudy,2021-06-24T04:58:44.015Z
12,Sunny,2021-06-24T03:56:09.740Z
12,Sunny,2021-06-24T02:55:58.241Z
9,Sunny,2021-06-24T02:12:21.829Z
9,Sunny,2021-06-24T01:38:33.540Z
10,Partly cloudy,2021-06-23T23:56:09.140Z
10,Partly cloudy,2021-06-23T22:55:47.162Z
10,Partly cloudy,2021-06-23T21:55:53.523Z
11,Partly cloudy,2021-06-23T20:55:49.310Z
11,Partly cloudy,2021-06-23T19:55:46.368Z
12,Partly cloudy,2021-06-23T18:58:01.949Z
12,Partly cloudy,2021-06-23T17:55:41.976Z
12,Partly cloudy,2021-06-23T17:08:15.921Z
13,Partly cloudy,2021-06-23T16:01:36.122Z
13,Partly cloudy,2021-06-23T14:57:05.352Z
14,Partly cloudy,2021-06-23T13:55:43.550Z
14,Partly cloudy,2021-06-23T13:09:37.993Z
15,Partly cloudy,2021-06-23T11:56:00.284Z
15,Partly cloudy,2021-06-23T10:55:49.812Z
14,Partly cloudy,2021-06-23T09:56:19.674Z
14,Partly cloudy,2021-06-23T08:56:42.840Z
14,Partly cloudy,2021-06-23T07:55:47.189Z
13,Partly cloudy,2021-06-23T06:59:39.640Z
13,Partly cloudy,2021-06-23T05:55:48.035Z
12,Light rain shower,2021-06-23T04:59:35.833Z
12,Light rain shower,2021-06-23T03:56:02.091Z
11,Light rain shower,2021-06-23T02:55:54.779Z
11,Light rain shower,2021-06-23T02:16:09.120Z
11,Light rain shower,2021-06-23T01:38:04.131Z
12,Light rain shower,2021-06-22T23:55:48.818Z
12,Light rain shower,2021-06-22T21:55:50.599Z
12,Light rain shower,2021-06-22T20:55:45.357Z
13,Partly cloudy,2021-06-22T19:55:54.092Z
13,Partly cloudy,2021-06-22T19:00:59.491Z
13,Partly cloudy,2021-06-22T17:59:04.141Z
16,Partly cloudy,2021-06-22T17:17:32.531Z
16,Partly cloudy,2021-06-22T16:02:15.435Z
17,Partly cloudy,2021-06-22T14:56:16.030Z
18,Partly cloudy,2021-06-22T13:57:44.236Z
18,Partly cloudy,2021-06-22T13:14:28.100Z
18,Partly cloudy,2021-06-22T11:55:55.270Z
16,Partly cloudy,2021-06-22T10:00:27.469Z
16,Partly cloudy,2021-06-22T09:00:35.576Z
17,Partly cloudy,2021-06-22T07:55:59.598Z
17,Partly cloudy,2021-06-22T07:04:56.155Z
15,Partly cloudy,2021-06-22T05:55:52.701Z
15,Partly cloudy,2021-06-22T05:04:36.369Z
15,Partly cloudy,2021-06-22T03:55:57.712Z
12,Partly cloudy,2021-06-22T03:00:05.130Z
12,Partly cloudy,2021-06-22T02:22:01.286Z
12,Partly cloudy,2021-06-22T01:45:36.909Z
11,Partly cloudy,2021-06-21T23:55:59.910Z
13,Partly cloudy,2021-06-21T22:55:50.977Z
13,Partly cloudy,2021-06-21T21:55:46.514Z
13,Partly cloudy,2021-06-21T20:55:52.719Z
13,Partly cloudy,2021-06-21T19:55:50.988Z
13,Partly cloudy,2021-06-21T19:01:28.645Z
13,Partly cloudy,2021-06-21T17:58:29.278Z
13,Partly cloudy,2021-06-21T17:17:35.044Z
14,Partly cloudy,2021-06-21T16:06:38.528Z
14,Partly cloudy,2021-06-21T15:00:26.936Z
15,Partly cloudy,2021-06-21T13:57:17.797Z
16,Partly cloudy,2021-06-21T13:20:03.952Z
16,Partly cloudy,2021-06-21T11:55:52.471Z
13,Light rain shower,2021-06-21T10:55:43.280Z
13,Light rain shower,2021-06-21T09:57:36.827Z
12,Light rain shower,2021-06-21T08:57:33.579Z
12,Light rain shower,2021-06-21T08:12:52.256Z
12,Light rain shower,2021-06-21T07:06:57.704Z
11,Light rain shower,2021-06-21T05:55:45.946Z
11,Light rain shower,2021-06-21T05:03:46.297Z
8,"Light rain shower, mist",2021-06-21T03:57:50.410Z
8,"Light rain shower, mist",2021-06-21T03:02:15.303Z
6,Partly cloudy,2021-06-21T01:56:44.694Z
6,Partly cloudy,2021-06-20T23:55:49.618Z
8,Partly cloudy,2021-06-20T21:55:41.207Z
9,Partly cloudy,2021-06-20T20:56:00.076Z
9,Partly cloudy,2021-06-20T19:55:45.313Z
12,Light rain shower,2021-06-20T19:00:09.269Z
12,Light rain shower,2021-06-20T17:57:45.052Z
12,Light rain shower,2021-06-20T17:15:44.879Z
13,Light rain shower,2021-06-20T16:01:05.799Z
13,Light rain shower,2021-06-20T14:55:43.160Z
13,Light rain shower,2021-06-20T13:55:48.249Z
13,Light rain shower,2021-06-20T13:13:27.852Z
14,Light rain shower,2021-06-20T11:56:05.056Z
14,Light rain shower,2021-06-20T10:55:39.328Z
14,Light rain shower,2021-06-20T09:55:47.952Z
16,Light rain shower,2021-06-20T08:55:40.174Z
16,Light rain shower,2021-06-20T07:55:46.517Z
16,Light rain shower,2021-06-20T07:04:05.185Z
13,Partly cloudy,2021-06-20T01:57:02.370Z
8,Partly cloudy,2021-06-19T23:55:44.781Z
8,Partly cloudy,2021-06-19T22:55:42.932Z
8,Partly cloudy,2021-06-19T21:55:46.453Z
8,Partly cloudy,2021-06-19T20:55:46.180Z
8,Partly cloudy,2021-06-19T19:55:37.166Z
9,Partly cloudy,2021-06-19T19:00:08.724Z
9,Partly cloudy,2021-06-19T17:57:52.604Z
15,Partly cloudy,2021-06-19T17:15:55.549Z
15,Partly cloudy,2021-06-19T16:01:10.161Z
15,Partly cloudy,2021-06-19T14:56:00.705Z
,,2021-06-19T11:55:44.007Z
14,Partly cloudy,2021-06-19T10:55:41.804Z
16,Partly cloudy,2021-06-19T09:55:43.615Z
16,Partly cloudy,2021-06-19T08:55:43.959Z
15,Partly cloudy,2021-06-19T07:55:49.421Z
15,Partly cloudy,2021-06-19T07:04:32.657Z
15,Partly cloudy,2021-06-19T05:55:42.085Z
14,Partly cloudy,2021-06-19T05:05:15.156Z
14,Partly cloudy,2021-06-19T03:58:09.954Z
10,Partly cloudy,2021-06-19T03:01:57.898Z
10,Partly cloudy,2021-06-19T02:29:07.075Z
10,Partly cloudy,2021-06-19T01:54:11.119Z
9,Partly cloudy,2021-06-18T23:56:00.197Z
9,Partly cloudy,2021-06-18T22:55:47.671Z
9,Partly cloudy,2021-06-18T21:55:47.232Z
9,Partly cloudy,2021-06-18T20:55:46.646Z
10,Partly cloudy,2021-06-18T19:55:48.974Z
10,Partly cloudy,2021-06-18T19:01:46.341Z
10,Partly cloudy,2021-06-18T18:00:21.751Z
11,Partly cloudy,2021-06-18T17:19:43.576Z
11,Partly cloudy,2021-06-18T16:02:10.308Z
12,Partly cloudy,2021-06-18T14:55:49.776Z
14,Partly cloudy,2021-06-18T13:56:16.639Z
20,Light rain shower,2021-06-18T13:17:29.934Z
20,Light rain shower,2021-06-18T11:55:44.564Z
26,Partly cloudy,2021-06-18T10:55:41.008Z
26,Partly cloudy,2021-06-18T09:55:52.269Z
26,Partly cloudy,2021-06-18T08:55:45.146Z
30,Partly cloudy,2021-06-18T07:55:45.786Z
30,Partly cloudy,2021-06-18T07:05:53.493Z
26,Sunny,2021-06-18T05:56:05.044Z
26,Sunny,2021-06-18T05:05:20.577Z
21,Sunny,2021-06-18T03:59:40.196Z
21,Sunny,2021-06-18T03:03:39.839Z
21,Sunny,2021-06-18T01:55:42.296Z
18,Sunny,2021-06-17T23:55:44.642Z
19,Partly cloudy,2021-06-17T22:55:39.734Z
19,Partly cloudy,2021-06-17T21:55:45.503Z
18,Partly cloudy,2021-06-17T20:55:52.315Z
18,Partly cloudy,2021-06-17T19:55:49.641Z
18,Partly cloudy,2021-06-17T19:03:48.633Z
21,Partly cloudy,2021-06-17T18:01:46.714Z
21,Partly cloudy,2021-06-17T17:21:12.351Z
25,Partly cloudy,2021-06-17T15:00:41.968Z
23,Partly cloudy,2021-06-17T13:55:46.517Z
23,Partly cloudy,2021-06-17T13:19:36.822Z
23,Partly cloudy,2021-06-17T11:56:02.896Z
25,"Light rain with thunderstorm, blowing widespread dust, squalls",2021-06-17T10:55:44.485Z
25,"Light rain with thunderstorm, blowing widespread dust, squalls",2021-06-17T10:00:39.327Z
30,Partly cloudy,2021-06-17T09:00:27.698Z
30,Partly cloudy,2021-06-17T07:55:57.510Z
30,Partly cloudy,2021-06-17T07:06:37.115Z
28,Sunny,2021-06-17T05:55:45.501Z
28,Sunny,2021-06-17T05:05:42.451Z
24,Sunny,2021-06-17T03:59:15.970Z
24,Sunny,2021-06-17T03:01:51.920Z
24,Sunny,2021-06-17T02:23:31.372Z
23,Sunny,2021-06-17T01:48:56.055Z
20,Partly cloudy,2021-06-16T23:55:43.775Z
20,Partly cloudy,2021-06-16T22:55:45.667Z
20,Partly cloudy,2021-06-16T21:55:43.325Z
19,Clear,2021-06-16T20:55:49.283Z
19,Clear,2021-06-16T19:55:48.970Z
21,Clear,2021-06-16T19:04:27.055Z
21,Clear,2021-06-16T18:01:53.347Z
21,Clear,2021-06-16T17:21:05.918Z
28,Sunny,2021-06-16T16:06:45.142Z
28,Sunny,2021-06-16T14:58:09.039Z
29,Partly cloudy,2021-06-16T13:56:21.413Z
29,Partly cloudy,2021-06-16T13:16:22.229Z
29,Partly cloudy,2021-06-16T11:55:46.345Z
29,Partly cloudy,2021-06-16T10:55:45.293Z
29,Partly cloudy,2021-06-16T09:55:53.297Z
29,Partly cloudy,2021-06-16T08:55:51.648Z
29,Partly cloudy,2021-06-16T07:55:52.964Z
27,Sunny,2021-06-16T07:06:04.890Z
27,Sunny,2021-06-16T05:57:13.664Z
24,Partly cloudy,2021-06-16T05:07:05.055Z
24,Partly cloudy,2021-06-16T04:00:01.536Z
24,Partly cloudy,2021-06-16T03:03:28.364Z
21,Partly cloudy,2021-06-16T02:27:38.560Z
21,Partly cloudy,2021-06-16T01:50:46.337Z
20,Partly cloudy,2021-06-15T23:55:44.891Z
20,Partly cloudy,2021-06-15T22:55:46.335Z
19,Clear,2021-06-15T21:55:54.437Z
19,Clear,2021-06-15T20:55:58.601Z
22,Clear,2021-06-15T19:55:59.772Z
22,Clear,2021-06-15T19:04:02.219Z
22,Clear,2021-06-15T18:03:44.314Z
26,Clear,2021-06-15T17:22:38.543Z
26,Clear,2021-06-15T16:02:23.720Z
31,Partly cloudy,2021-06-15T15:00:30.160Z
32,Partly cloudy,2021-06-15T13:55:47.357Z
32,Partly cloudy,2021-06-15T13:14:23.429Z
32,Partly cloudy,2021-06-15T11:55:52.441Z
32,Partly cloudy,2021-06-15T10:55:51.899Z
31,Partly cloudy,2021-06-15T09:56:14.130Z
31,Partly cloudy,2021-06-15T09:00:30.142Z
30,Partly cloudy,2021-06-15T07:55:49.782Z
30,Partly cloudy,2021-06-15T07:06:51.706Z
27,Partly cloudy,2021-06-15T05:55:42.035Z
27,Partly cloudy,2021-06-15T05:06:18.429Z
27,Partly cloudy,2021-06-15T04:00:29.591Z
21,Partly cloudy,2021-06-15T03:07:05.432Z
21,Partly cloudy,2021-06-15T01:55:52.373Z
16,Sunny,2021-06-14T23:55:40.351Z
18,Clear,2021-06-14T22:55:49.615Z
18,Clear,2021-06-14T21:55:50.521Z
18,Clear,2021-06-14T20:55:50.287Z
20,Clear,2021-06-14T19:55:58.959Z
20,Clear,2021-06-14T19:02:09.019Z
21,Clear,2021-06-14T18:00:40.663Z
21,Clear,2021-06-14T17:18:59.029Z
28,Partly cloudy,2021-06-14T16:07:34.083Z
28,Partly cloudy,2021-06-14T15:00:31.640Z
28,Partly cloudy,2021-06-14T14:00:35.377Z
29,Partly cloudy,2021-06-14T13:19:09.757Z
29,Partly cloudy,2021-06-14T11:55:55.368Z
28,Partly cloudy,2021-06-14T07:55:46.915Z
28,Partly cloudy,2021-06-14T07:06:55.530Z
26,Sunny,2021-06-14T05:55:42.110Z
26,Sunny,2021-06-14T05:06:28.303Z
21,Sunny,2021-06-14T04:00:19.706Z
21,Sunny,2021-06-14T03:03:55.220Z
21,Sunny,2021-06-14T02:27:54.659Z
18,Sunny,2021-06-14T01:49:43.855Z
18,Sunny,2021-06-13T23:55:51.319Z
19,Clear,2021-06-13T22:55:42.517Z
19,Clear,2021-06-13T21:55:48.576Z
22,Clear,2021-06-13T20:55:49.759Z
22,Clear,2021-06-13T19:55:44.266Z
22,Clear,2021-06-13T19:03:23.885Z
24,Clear,2021-06-13T17:59:47.751Z
24,Clear,2021-06-13T17:17:04.702Z
27,Partly cloudy,2021-06-13T16:01:58.789Z
27,Partly cloudy,2021-06-13T14:55:51.105Z
28,Partly cloudy,2021-06-13T13:55:38.416Z
28,Partly cloudy,2021-06-13T13:13:39.957Z
28,Partly cloudy,2021-06-13T11:55:45.378Z
28,Partly cloudy,2021-06-13T10:55:51.131Z
28,Partly cloudy,2021-06-13T09:55:44.104Z
26,Partly cloudy,2021-06-13T08:55:46.421Z
26,Partly cloudy,2021-06-13T07:55:43.085Z
22,Partly cloudy,2021-06-13T07:04:01.299Z
22,Partly cloudy,2021-06-13T05:55:55.358Z
22,Partly cloudy,2021-06-13T05:05:17.509Z
19,Partly cloudy,2021-06-13T03:59:19.553Z
19,Partly cloudy,2021-06-13T03:03:01.293Z
17,Partly cloudy,2021-06-13T02:27:00.184Z
17,Partly cloudy,2021-06-13T01:51:21.399Z
15,Partly cloudy,2021-06-12T23:55:48.070Z
15,Partly cloudy,2021-06-12T22:55:48.610Z
15,Partly cloudy,2021-06-12T21:56:20.917Z
15,Partly cloudy,2021-06-12T20:55:50.501Z
15,Partly cloudy,2021-06-12T19:55:52.422Z
18,Light rain shower,2021-06-12T19:03:31.622Z
18,Light rain shower,2021-06-12T17:59:50.362Z
20,Partly cloudy,2021-06-12T17:16:59.628Z
20,Partly cloudy,2021-06-12T16:01:52.781Z
,,2021-06-12T13:12:36.864Z
21,Partly cloudy,2021-06-12T09:55:38.595Z
21,Partly cloudy,2021-06-12T08:55:41.356Z
19,Partly cloudy,2021-06-12T07:55:54.059Z
19,Partly cloudy,2021-06-12T07:03:39.614Z
19,Partly cloudy,2021-06-12T05:55:39.773Z
18,Partly cloudy,2021-06-12T05:04:59.164Z
18,Partly cloudy,2021-06-12T03:58:43.931Z
12,Sunny,2021-06-12T03:02:10.443Z
12,Sunny,2021-06-12T02:22:23.754Z
12,Sunny,2021-06-12T01:43:35.065Z
5,Sunny,2021-06-11T23:55:49.855Z
5,Sunny,2021-06-11T22:55:47.046Z
7,Clear,2021-06-11T21:55:47.832Z
7,Clear,2021-06-11T20:55:41.371Z
13,Partly cloudy,2021-06-11T19:55:52.431Z
13,Partly cloudy,2021-06-11T19:02:03.448Z
13,Partly cloudy,2021-06-11T18:02:31.777Z
15,Partly cloudy,2021-06-11T17:20:54.483Z
15,Partly cloudy,2021-06-11T16:02:19.246Z
16,Partly cloudy,2021-06-11T14:56:36.180Z
15,Partly cloudy,2021-06-11T13:55:46.493Z
18,Partly cloudy,2021-06-11T13:17:47.718Z
18,Partly cloudy,2021-06-11T11:55:41.244Z
19,Partly cloudy,2021-06-11T10:56:31.823Z
19,Partly cloudy,2021-06-11T09:55:44.112Z
19,Partly cloudy,2021-06-11T08:57:24.283Z
17,Partly cloudy,2021-06-11T07:55:45.119Z
17,Partly cloudy,2021-06-11T07:04:21.960Z
17,Partly cloudy,2021-06-11T05:55:46.925Z
17,Partly cloudy,2021-06-11T05:08:48.547Z
17,Partly cloudy,2021-06-11T05:07:52.188Z
17,Partly cloudy,2021-06-11T04:45:53.272Z
11,Sunny,2021-06-11T01:53:19.252Z
11,Sunny,2021-06-10T23:55:37.949Z
11,Partly cloudy,2021-06-10T21:55:36.408Z
12,Partly cloudy,2021-06-10T19:15:30.564Z
14,Partly cloudy,2021-06-10T17:32:41.082Z
17,Partly cloudy,2021-06-10T14:03:02.600Z
18,Partly cloudy,2021-06-10T10:59:45.075Z
17,Partly cloudy,2021-06-10T07:11:39.164Z
16,Partly cloudy,2021-06-10T05:22:14.898Z
15,Sunny,2021-06-10T03:19:45.816Z
13,Sunny,2021-06-10T02:04:21.498Z
8,Clear,2021-06-09T21:57:54.217Z
11,Clear,2021-06-09T19:21:51.057Z
13,Clear,2021-06-09T17:31:50.183Z
16,Sunny,2021-06-09T15:00:37.969Z
17,Sunny,2021-06-09T14:08:31.991Z
18,Sunny,2021-06-09T13:20:57.909Z
18,Sunny,2021-06-09T10:59:56.390Z
16,Partly cloudy,2021-06-09T07:59:34.143Z
14,Partly cloudy,2021-06-09T05:26:36.650Z
12,Partly cloudy,2021-06-09T03:26:10.582Z
10,Sunny,2021-06-09T02:07:28.252Z
7,Sunny,2021-06-08T22:59:59.074Z
10,Clear,2021-06-08T20:07:06.729Z
12,Clear,2021-06-08T19:28:59.556Z
12,Clear,2021-06-08T18:26:18.359Z
12,Clear,2021-06-08T17:41:36.212Z
14,Clear,2021-06-08T16:11:56.198Z
17,Sunny,2021-06-08T15:03:49.115Z
17,Sunny,2021-06-08T14:09:49.911Z
18,Sunny,2021-06-08T13:22:34.607Z
18,Partly cloudy,2021-06-08T11:56:43.627Z
18,Partly cloudy,2021-06-08T11:04:55.675Z
17,Partly cloudy,2021-06-08T09:07:34.020Z
19,Partly cloudy,2021-06-08T08:04:48.793Z
19,Partly cloudy,2021-06-08T07:21:47.756Z
19,Partly cloudy,2021-06-08T06:16:46.166Z
20,Partly cloudy,2021-06-08T05:43:24.805Z
20,Partly cloudy,2021-06-08T04:33:39.963Z
20,Partly cloudy,2021-06-08T03:50:22.233Z
19,Sunny,2021-06-08T02:37:14.051Z
12,Sunny,2021-06-08T00:29:38.588Z
12,Sunny,2021-06-07T23:23:38.325Z
13,Clear,2021-06-07T22:26:13.592Z
13,Clear,2021-06-07T21:00:28.508Z
16,Clear,2021-06-07T18:59:31.882Z
20,Clear,2021-06-07T16:48:20.127Z
26,Sunny,2021-06-07T15:25:36.108Z
26,Sunny,2021-06-07T14:14:35.950Z
27,Sunny,2021-06-07T12:33:33.377Z
27,Sunny,2021-06-07T11:44:57.119Z
27,Sunny,2021-06-07T10:44:51.629Z
27,Sunny,2021-06-07T09:07:29.962Z
25,Sunny,2021-06-07T07:16:50.181Z
24,Sunny,2021-06-07T05:12:07.330Z
20,Sunny,2021-06-07T02:58:24.495Z
11,Sunny,2021-06-07T00:21:24.739Z
11,Clear,2021-06-06T23:12:12.564Z
11,Clear,2021-06-06T22:09:07.795Z
14,Clear,2021-06-06T21:10:08.247Z
14,Clear,2021-06-06T20:15:58.287Z
14,Clear,2021-06-06T19:46:44.295Z
15,Clear,2021-06-06T18:07:41.124Z
18,Clear,2021-06-06T16:22:15.724Z
23,Sunny,2021-06-06T15:07:23.479Z
23,Sunny,2021-06-06T14:28:47.310Z
25,Sunny,2021-06-06T13:53:45.593Z
25,Sunny,2021-06-06T12:23:16.687Z
26,Partly cloudy,2021-06-06T11:30:32.129Z
26,Partly cloudy,2021-06-06T10:29:07.405Z
24,Sunny,2021-06-06T09:28:04.468Z
24,Sunny,2021-06-06T08:30:49.484Z
24,Sunny,2021-06-06T07:41:22.326Z
23,Sunny,2021-06-06T06:00:10.334Z
19,Sunny,2021-06-06T04:02:32.797Z
19,Sunny,2021-06-06T02:46:14.994Z
10,Sunny,2021-06-06T00:24:34.911Z
11,Clear,2021-06-05T23:13:09.819Z
11,Clear,2021-06-05T22:08:51.541Z
11,Clear,2021-06-05T21:09:44.020Z
11,Clear,2021-06-05T20:13:48.469Z
11,Clear,2021-06-05T19:45:24.802Z
12,Clear,2021-06-05T18:09:49.936Z
19,Sunny,2021-06-05T16:20:49.851Z
19,Sunny,2021-06-05T15:04:41.688Z
20,Sunny,2021-06-05T14:26:54.913Z
20,Sunny,2021-06-05T13:51:16.759Z
20,Sunny,2021-06-05T12:22:19.727Z
20,Sunny,2021-06-05T11:31:48.855Z
20,Sunny,2021-06-05T10:30:02.337Z
18,Partly cloudy,2021-06-05T09:27:59.943Z
18,Partly cloudy,2021-06-05T08:26:47.582Z
15,Partly cloudy,2021-06-05T07:38:57.617Z
15,Partly cloudy,2021-06-05T06:04:11.238Z
11,Sunny,2021-06-05T02:53:40.276Z
5,Sunny,2021-06-05T00:31:59.525Z
5,Sunny,2021-06-04T23:26:06.701Z
7,Clear,2021-06-04T22:22:01.773Z
7,Clear,2021-06-04T21:34:58.492Z
9,Partly cloudy,2021-06-04T20:13:49.286Z
9,Partly cloudy,2021-06-04T18:44:28.997Z
10,Partly cloudy,2021-06-04T16:52:41.728Z
11,Partly cloudy,2021-06-04T15:33:31.683Z
11,Partly cloudy,2021-06-04T14:06:52.016Z
7,Light rain shower,2021-06-04T12:41:03.335Z
7,Light rain shower,2021-06-04T11:02:38.310Z
7,Light rain shower,2021-06-04T09:20:28.196Z
10,Partly cloudy,2021-06-04T07:29:35.376Z
7,Partly cloudy,2021-06-04T05:20:18.094Z
8,Light rain shower,2021-06-04T03:06:52.443Z
11,Light rain shower,2021-06-03T22:31:41.106Z
11,Light rain shower,2021-06-03T21:01:38.607Z
12,Light rain shower,2021-06-03T19:08:21.891Z
14,Light rain shower,2021-06-03T16:44:48.847Z
18,Light rain shower,2021-06-03T15:17:03.166Z
18,Light rain shower,2021-06-03T14:28:50.334Z
19,Partly cloudy,2021-06-03T13:53:08.840Z
22,Partly cloudy,2021-06-03T08:12:38.947Z
22,Partly cloudy,2021-06-03T06:31:48.073Z
20,Sunny,2021-06-03T04:01:14.216Z
10,Sunny,2021-06-03T00:45:55.429Z
9,Clear,2021-06-02T23:32:16.673Z
9,Clear,2021-06-02T21:57:34.062Z
11,Clear,2021-06-02T20:08:37.039Z
17,Clear,2021-06-02T17:18:19.395Z
19,Clear,2021-06-02T15:42:27.326Z
21,Sunny,2021-06-02T14:23:12.917Z
22,Sunny,2021-06-02T12:34:10.631Z
22,Sunny,2021-06-02T11:06:27.177Z
21,Sunny,2021-06-02T09:34:48.803Z
18,Sunny,2021-06-02T07:32:08.127Z
16,Sunny,2021-06-02T05:05:23.782Z
10,Partly cloudy,2021-06-02T00:57:25.815Z
11,Partly cloudy,2021-06-01T23:33:07.883Z
12,Partly cloudy,2021-06-01T22:02:53.838Z
12,Partly cloudy,2021-06-01T20:11:20.393Z
15,Partly cloudy,2021-06-01T17:01:42.185Z
15,Partly cloudy,2021-06-01T15:30:41.280Z
16,Partly cloudy,2021-06-01T14:13:25.076Z
16,Partly cloudy,2021-06-01T12:38:28.328Z
16,Partly cloudy,2021-06-01T11:41:20.289Z
16,Partly cloudy,2021-06-01T10:41:26.346Z
15,Partly cloudy,2021-06-01T09:06:39.927Z
13,Partly cloudy,2021-06-01T07:04:26.879Z
12,Partly cloudy,2021-06-01T04:27:55.135Z
18,Partly cloudy,2021-06-01T00:52:20.954Z
18,Partly cloudy,2021-05-31T23:28:24.825Z
18,Partly cloudy,2021-05-31T22:25:56.178Z
18,Partly cloudy,2021-05-31T21:43:13.873Z
20,Partly cloudy,2021-05-31T20:22:55.978Z
20,Partly cloudy,2021-05-31T18:54:35.306Z
23,Partly cloudy,2021-05-31T16:45:35.359Z
25,Partly cloudy,2021-05-31T15:16:38.699Z
27,Light rain shower,2021-05-31T13:57:00.020Z
30,Partly cloudy,2021-05-31T12:29:46.386Z
30,Partly cloudy,2021-05-31T11:46:20.932Z
32,Partly cloudy,2021-05-31T10:34:12.649Z
32,Partly cloudy,2021-05-31T09:46:08.815Z
32,Partly cloudy,2021-05-31T08:17:50.159Z
32,Partly cloudy,2021-05-31T08:10:52.752Z
25,Partly cloudy,2021-05-31T06:33:39.005Z
23,Partly cloudy,2021-05-31T04:02:46.335Z
19,Partly cloudy,2021-05-31T00:40:23.458Z
21,Clear,2021-05-30T23:20:56.143Z
21,Clear,2021-05-30T22:15:56.781Z
22,Clear,2021-05-30T21:18:09.728Z
22,Clear,2021-05-30T20:04:04.698Z
24,Clear,2021-05-30T18:30:09.720Z
27,Sunny,2021-05-30T16:31:56.575Z
27,Sunny,2021-05-30T15:10:01.348Z
29,Sunny,2021-05-30T13:55:55.987Z
29,Sunny,2021-05-30T12:24:41.194Z
30,Sunny,2021-05-30T11:31:58.810Z
30,Sunny,2021-05-30T10:30:30.222Z
29,Sunny,2021-05-30T09:27:26.593Z
29,Sunny,2021-05-30T08:31:28.105Z
25,Sunny,2021-05-30T07:00:05.390Z
25,Sunny,2021-05-30T05:27:31.314Z
23,Sunny,2021-05-30T03:54:27.236Z
16,Clear,2021-05-29T23:15:22.628Z
16,Clear,2021-05-29T22:14:05.904Z
16,Clear,2021-05-29T21:16:32.750Z
16,Clear,2021-05-29T20:05:45.191Z
18,Clear,2021-05-29T18:33:52.625Z
24,Sunny,2021-05-29T16:28:12.771Z
24,Sunny,2021-05-29T15:10:18.393Z
26,Partly cloudy,2021-05-29T13:56:15.097Z
27,Partly cloudy,2021-05-29T12:21:51.332Z
27,Partly cloudy,2021-05-29T11:29:50.967Z
27,Partly cloudy,2021-05-29T10:30:57.774Z
25,Sunny,2021-05-29T09:36:02.290Z
25,Sunny,2021-05-29T08:46:27.110Z
22,Sunny,2021-05-29T07:13:47.590Z
22,Sunny,2021-05-29T05:46:05.616Z
17,Sunny,2021-05-29T03:39:03.714Z
10,Partly cloudy,2021-05-29T00:29:44.244Z
10,Partly cloudy,2021-05-28T23:15:57.927Z
11,Clear,2021-05-28T22:11:17.256Z
11,Clear,2021-05-28T21:13:02.027Z
12,Clear,2021-05-28T19:59:38.081Z
11,Clear,2021-05-28T18:26:28.947Z
14,Clear,2021-05-28T16:24:01.289Z
18,Sunny,2021-05-28T15:06:17.067Z
18,Sunny,2021-05-28T14:23:35.600Z
18,Sunny,2021-05-28T13:46:11.393Z
19,Sunny,2021-05-28T12:24:58.234Z
19,Sunny,2021-05-28T11:30:02.505Z
18,Partly cloudy,2021-05-28T10:28:11.551Z
18,Partly cloudy,2021-05-28T09:26:02.970Z
15,Partly cloudy,2021-05-28T08:32:51.836Z
15,Partly cloudy,2021-05-28T07:44:26.171Z
15,Partly cloudy,2021-05-28T06:50:10.493Z
15,Partly cloudy,2021-05-28T05:13:59.424Z
13,Partly cloudy,2021-05-28T03:16:02.713Z
10,Partly cloudy,2021-05-28T00:22:05.112Z
11,Partly cloudy,2021-05-27T23:11:33.776Z
11,Partly cloudy,2021-05-27T22:08:45.140Z
11,Partly cloudy,2021-05-27T21:07:32.342Z
11,Partly cloudy,2021-05-27T20:13:53.918Z
11,Partly cloudy,2021-05-27T19:44:52.689Z
13,Partly cloudy,2021-05-27T18:18:37.279Z
13,Partly cloudy,2021-05-27T16:26:19.813Z
14,Partly cloudy,2021-05-27T15:17:20.633Z
14,Partly cloudy,2021-05-27T14:24:19.376Z
14,Partly cloudy,2021-05-27T13:37:21.756Z
14,Partly cloudy,2021-05-27T12:19:02.007Z
15,Partly cloudy,2021-05-27T11:23:03.957Z
15,Partly cloudy,2021-05-27T10:27:27.545Z
15,Partly cloudy,2021-05-27T09:28:41.419Z
14,Partly cloudy,2021-05-27T08:29:32.032Z
14,Partly cloudy,2021-05-27T07:37:20.677Z
15,Partly cloudy,2021-05-27T06:28:49.748Z
15,Partly cloudy,2021-05-27T05:44:51.380Z
15,Partly cloudy,2021-05-27T04:44:33.499Z
14,Partly cloudy,2021-05-27T02:58:09.258Z
13,Partly cloudy,2021-05-27T00:20:36.333Z
16,Partly cloudy,2021-05-26T23:09:03.847Z
16,Partly cloudy,2021-05-26T22:05:52.271Z
20,Partly cloudy,2021-05-26T21:09:12.754Z
20,Partly cloudy,2021-05-26T20:17:23.016Z
20,Partly cloudy,2021-05-26T19:40:42.549Z
25,Thunderstorm,2021-05-26T18:05:47.740Z
30,Thunderstorm,2021-05-26T16:19:21.595Z
30,Thunderstorm,2021-05-26T15:06:40.226Z
30,Partly cloudy,2021-05-26T14:24:31.899Z
31,Partly cloudy,2021-05-26T13:31:36.817Z
31,Light rain shower,2021-05-26T12:02:34.273Z
31,Light rain shower,2021-05-26T11:12:49.706Z
31,Light rain shower,2021-05-26T10:14:23.157Z
36,Partly cloudy,2021-05-26T09:18:20.628Z
36,Partly cloudy,2021-05-26T08:17:17.384Z
33,Partly cloudy,2021-05-26T07:29:45.150Z
33,Partly cloudy,2021-05-26T06:22:07.583Z
33,Partly cloudy,2021-05-26T05:36:47.059Z
26,Sunny,2021-05-26T03:56:24.473Z
22,Sunny,2021-05-26T02:37:29.941Z
17,Sunny,2021-05-26T00:18:24.100Z
17,Sunny,2021-05-25T23:03:47.294Z
19,Clear,2021-05-25T22:00:52.697Z
19,Clear,2021-05-25T20:59:15.688Z
19,Clear,2021-05-25T20:02:11.576Z
24,Clear,2021-05-25T19:25:18.082Z
24,Clear,2021-05-25T18:31:24.667Z
24,Clear,2021-05-25T17:52:44.915Z
26,Clear,2021-05-25T16:13:55.349Z
33,Sunny,2021-05-25T15:04:42.425Z
33,Sunny,2021-05-25T14:16:39.609Z
34,Sunny,2021-05-25T13:26:31.750Z
36,Sunny,2021-05-25T11:59:50.496Z
36,Sunny,2021-05-25T11:14:36.288Z
36,Sunny,2021-05-25T10:14:45.969Z
36,Sunny,2021-05-25T09:13:34.237Z
34,Sunny,2021-05-25T08:11:49.780Z
34,Sunny,2021-05-25T07:18:51.294Z
34,Sunny,2021-05-25T06:14:18.454Z
30,Sunny,2021-05-25T05:27:32.860Z
30,Sunny,2021-05-25T04:21:50.513Z
20,Sunny,2021-05-25T03:31:33.639Z
20,Sunny,2021-05-25T02:10:33.449Z
18,Sunny,2021-05-25T00:01:49.089Z
17,Clear,2021-05-24T22:56:19.983Z
17,Clear,2021-05-24T21:59:48.256Z
17,Clear,2021-05-24T20:57:40.070Z
19,Clear,2021-05-24T20:00:59.381Z
19,Clear,2021-05-24T19:24:59.925Z
19,Clear,2021-05-24T18:24:13.074Z
23,Clear,2021-05-24T17:43:25.777Z
23,Clear,2021-05-24T16:13:08.703Z
27,Sunny,2021-05-24T14:57:12.559Z
27,Sunny,2021-05-24T14:05:24.420Z
29,Sunny,2021-05-24T13:22:38.885Z
29,Sunny,2021-05-24T11:57:08.299Z
28,Partly cloudy,2021-05-24T11:04:57.786Z
28,Partly cloudy,2021-05-24T10:04:14.859Z
28,Partly cloudy,2021-05-24T09:02:02.292Z
26,Sunny,2021-05-24T07:57:38.952Z
26,Sunny,2021-05-24T07:12:48.461Z
24,Sunny,2021-05-24T06:01:30.417Z
24,Sunny,2021-05-24T05:17:35.348Z
21,Partly cloudy,2021-05-24T04:16:24.906Z
21,Partly cloudy,2021-05-24T03:23:43.069Z
21,Partly cloudy,2021-05-24T02:09:44.772Z
18,Partly cloudy,2021-05-24T00:00:28.155Z
21,Clear,2021-05-23T22:57:43.878Z
21,Clear,2021-05-23T21:57:11.672Z
24,Clear,2021-05-23T20:55:42.461Z
24,Clear,2021-05-23T19:55:45.787Z
24,Clear,2021-05-23T19:14:40.994Z
26,Clear,2021-05-23T18:18:30.900Z
26,Clear,2021-05-23T17:33:05.832Z
27,Sunny,2021-05-23T16:07:30.668Z
27,Sunny,2021-05-23T14:55:44.106Z
32,Sunny,2021-05-23T13:59:26.840Z
33,Sunny,2021-05-23T13:18:24.079Z
33,Sunny,2021-05-23T11:55:47.804Z
33,Sunny,2021-05-23T10:59:23.626Z
33,Sunny,2021-05-23T09:59:58.465Z
32,Sunny,2021-05-23T08:59:32.967Z
32,Sunny,2021-05-23T07:55:47.180Z
29,Sunny,2021-05-23T07:10:01.561Z
29,Sunny,2021-05-23T06:00:51.925Z
29,Sunny,2021-05-23T05:17:08.144Z
24,Sunny,2021-05-23T04:18:14.733Z
24,Sunny,2021-05-23T03:26:58.782Z
20,Sunny,2021-05-23T02:12:40.392Z
14,Sunny,2021-05-23T00:01:16.794Z
14,Sunny,2021-05-22T22:58:02.854Z
17,Clear,2021-05-22T21:57:27.162Z
17,Clear,2021-05-22T20:55:47.251Z
17,Clear,2021-05-22T19:55:42.770Z
19,Clear,2021-05-22T19:16:54.495Z
19,Clear,2021-05-22T18:20:39.546Z
19,Clear,2021-05-22T17:34:30.472Z
24,Clear,2021-05-22T16:07:11.331Z
28,Sunny,2021-05-22T14:55:46.671Z
30,Sunny,2021-05-22T13:59:05.096Z
30,Sunny,2021-05-22T13:16:17.951Z
31,Partly cloudy,2021-05-22T11:55:45.187Z
31,Partly cloudy,2021-05-22T10:59:40.922Z
30,Partly cloudy,2021-05-22T10:01:20.261Z
30,Partly cloudy,2021-05-22T09:01:14.196Z
29,Sunny,2021-05-22T07:56:44.241Z
29,Sunny,2021-05-22T07:10:04.260Z
29,Sunny,2021-05-22T06:19:08.828Z
